ID,answer_0,answer_1,answer_2,answer_3
TEST_0000,1,2,0,3
TEST_0001,0,2,1,3
TEST_0002,0,3,2,1
TEST_0003,3,1,2,0
TEST_0004,1,0,2,3
TEST_0005,2,1,0,3
TEST_0006,2,1,0,3
TEST_0007,3,2,1,0
TEST_0008,2,1,3,0
TEST_0009,3,2,0,1
TEST_0010,3,0,2,1
TEST_0011,0,2,1,3
TEST_0012,2,3,1,0
TEST_0013,3,2,0,1
TEST_0014,2,0,3,1
TEST_0015,2,1,0,3
TEST_0016,2,3,0,1
TEST_0017,2,1,3,0
TEST_0018,3,0,2,1
TEST_0019,3,2,0,1
TEST_0020,0,2,1,3
TEST_0021,0,1,3,2
TEST_0022,0,3,2,1
TEST_0023,2,1,0,3
TEST_0024,3,1,2,0
TEST_0025,3,2,0,1
TEST_0026,2,1,3,0
TEST_0027,3,2,1,0
TEST_0028,3,1,2,0
TEST_0029,2,3,1,0
TEST_0030,3,1,2,0
TEST_0031,3,1,2,0
TEST_0032,1,0,2,3
TEST_0033,3,1,2,0
TEST_0034,3,0,2,1
TEST_0035,2,0,1,3
TEST_0036,3,2,0,1
TEST_0037,0,1,3,2
TEST_0038,3,0,1,2
TEST_0039,1,2,0,3
TEST_0040,3,1,2,0
TEST_0041,2,1,0,3
TEST_0042,3,0,1,2
TEST_0043,1,2,3,0
TEST_0044,0,2,3,1
TEST_0045,0,3,2,1
TEST_0046,3,0,1,2
TEST_0047,1,2,3,0
TEST_0048,2,3,1,0
TEST_0049,2,1,0,3
TEST_0050,2,3,1,0
TEST_0051,3,0,2,1
TEST_0052,1,0,2,3
TEST_0053,2,1,3,0
TEST_0054,1,2,0,3
TEST_0055,2,1,3,0
TEST_0056,3,1,2,0
TEST_0057,2,3,1,0
TEST_0058,0,2,1,3
TEST_0059,3,1,0,2
TEST_0060,3,1,0,2
TEST_0061,3,1,2,0
TEST_0062,2,1,3,0
TEST_0063,0,3,1,2
TEST_0064,3,2,0,1
TEST_0065,0,2,3,1
TEST_0066,1,2,3,0
TEST_0067,3,0,1,2
TEST_0068,1,2,0,3
TEST_0069,0,2,1,3
TEST_0070,2,1,3,0
TEST_0071,3,1,2,0
TEST_0072,0,2,1,3
TEST_0073,3,0,1,2
TEST_0074,3,0,2,1
TEST_0075,1,0,2,3
TEST_0076,3,2,0,1
TEST_0077,0,2,3,1
TEST_0078,3,1,0,2
TEST_0079,3,2,0,1
TEST_0080,0,3,2,1
TEST_0081,1,0,2,3
TEST_0082,2,1,3,0
TEST_0083,3,0,2,1
TEST_0084,0,1,3,2
TEST_0085,2,3,1,0
TEST_0086,2,1,3,0
TEST_0087,1,3,0,2
TEST_0088,0,1,3,2
TEST_0089,2,1,0,3
TEST_0090,0,2,1,3
TEST_0091,0,2,1,3
TEST_0092,2,3,0,1
TEST_0093,2,1,3,0
TEST_0094,0,3,2,1
TEST_0095,0,1,3,2
TEST_0096,3,0,1,2
TEST_0097,2,0,1,3
TEST_0098,3,2,0,1
TEST_0099,1,2,3,0
TEST_0100,3,1,2,0
TEST_0101,3,0,1,2
TEST_0102,0,2,1,3
TEST_0103,1,2,3,0
TEST_0104,3,1,2,0
TEST_0105,3,1,2,0
TEST_0106,1,0,3,2
TEST_0107,1,0,2,3
TEST_0108,3,0,1,2
TEST_0109,2,1,0,3
TEST_0110,2,3,1,0
TEST_0111,3,1,2,0
TEST_0112,2,1,3,0
TEST_0113,2,3,0,1
TEST_0114,2,3,1,0
TEST_0115,1,2,3,0
TEST_0116,2,0,1,3
TEST_0117,3,1,2,0
TEST_0118,2,1,0,3
TEST_0119,2,1,3,0
TEST_0120,3,2,0,1
TEST_0121,2,1,3,0
TEST_0122,1,0,2,3
TEST_0123,2,1,3,0
TEST_0124,3,2,1,0
TEST_0125,2,0,1,3
TEST_0126,3,1,2,0
TEST_0127,1,0,2,3
TEST_0128,3,2,1,0
TEST_0129,0,1,3,2
TEST_0130,2,0,1,3
TEST_0131,3,2,0,1
TEST_0132,3,2,0,1
TEST_0133,1,2,0,3
TEST_0134,2,1,0,3
TEST_0135,0,1,3,2
TEST_0136,2,3,0,1
TEST_0137,1,2,0,3
TEST_0138,3,2,0,1
TEST_0139,2,1,3,0
TEST_0140,2,1,3,0
TEST_0141,3,1,2,0
TEST_0142,1,2,0,3
TEST_0143,2,1,0,3
TEST_0144,3,1,2,0
TEST_0145,0,3,2,1
TEST_0146,0,3,2,1
TEST_0147,3,2,1,0
TEST_0148,3,2,0,1
TEST_0149,2,1,3,0
TEST_0150,2,1,0,3
TEST_0151,3,0,1,2
TEST_0152,2,0,1,3
TEST_0153,2,3,1,0
TEST_0154,3,2,1,0
TEST_0155,3,0,2,1
TEST_0156,2,1,0,3
TEST_0157,3,2,1,0
TEST_0158,3,1,0,2
TEST_0159,2,1,0,3
TEST_0160,2,1,0,3
TEST_0161,3,0,1,2
TEST_0162,1,0,2,3
TEST_0163,3,0,1,2
TEST_0164,3,2,1,0
TEST_0165,3,1,2,0
TEST_0166,3,1,2,0
TEST_0167,2,3,1,0
TEST_0168,2,3,1,0
TEST_0169,3,2,0,1
TEST_0170,0,2,1,3
TEST_0171,2,3,1,0
TEST_0172,2,3,1,0
TEST_0173,1,0,2,3
TEST_0174,1,0,2,3
TEST_0175,3,0,1,2
TEST_0176,2,3,1,0
TEST_0177,2,1,3,0
TEST_0178,2,1,3,0
TEST_0179,2,1,0,3
TEST_0180,3,0,1,2
TEST_0181,2,1,0,3
TEST_0182,2,1,3,0
TEST_0183,2,1,3,0
TEST_0184,3,1,2,0
TEST_0185,0,1,3,2
TEST_0186,2,0,1,3
TEST_0187,3,2,0,1
TEST_0188,1,0,2,3
TEST_0189,3,0,2,1
TEST_0190,2,1,3,0
TEST_0191,3,0,2,1
TEST_0192,3,0,1,2
TEST_0193,1,2,0,3
TEST_0194,2,0,3,1
TEST_0195,0,1,3,2
TEST_0196,3,0,1,2
TEST_0197,2,1,0,3
TEST_0198,2,1,3,0
TEST_0199,2,1,0,3
TEST_0200,0,2,3,1
TEST_0201,3,2,0,1
TEST_0202,1,0,2,3
TEST_0203,1,0,2,3
TEST_0204,1,0,2,3
TEST_0205,3,2,1,0
TEST_0206,3,0,2,1
TEST_0207,1,0,2,3
TEST_0208,3,1,2,0
TEST_0209,1,2,3,0
TEST_0210,0,1,3,2
TEST_0211,3,2,1,0
TEST_0212,0,2,3,1
TEST_0213,2,1,3,0
TEST_0214,2,1,3,0
TEST_0215,3,2,1,0
TEST_0216,3,0,2,1
TEST_0217,3,2,1,0
TEST_0218,1,0,2,3
TEST_0219,3,0,1,2
TEST_0220,3,1,2,0
TEST_0221,3,1,2,0
TEST_0222,3,2,0,1
TEST_0223,3,2,0,1
TEST_0224,1,0,2,3
TEST_0225,0,3,1,2
TEST_0226,3,2,0,1
TEST_0227,1,2,3,0
TEST_0228,2,0,1,3
TEST_0229,0,1,2,3
TEST_0230,3,2,0,1
TEST_0231,3,2,0,1
TEST_0232,0,3,1,2
TEST_0233,2,3,1,0
TEST_0234,3,0,1,2
TEST_0235,3,2,1,0
TEST_0236,1,2,3,0
TEST_0237,1,0,2,3
TEST_0238,3,0,1,2
TEST_0239,1,0,2,3
TEST_0240,3,1,2,0
TEST_0241,3,1,0,2
TEST_0242,2,1,3,0
TEST_0243,3,2,1,0
TEST_0244,1,2,3,0
TEST_0245,3,0,1,2
TEST_0246,2,1,3,0
TEST_0247,3,2,0,1
TEST_0248,0,2,1,3
TEST_0249,3,1,2,0
TEST_0250,2,1,0,3
TEST_0251,3,1,2,0
TEST_0252,0,1,3,2
TEST_0253,2,1,3,0
TEST_0254,1,3,2,0
TEST_0255,0,3,1,2
TEST_0256,0,3,1,2
TEST_0257,3,1,2,0
TEST_0258,0,2,1,3
TEST_0259,3,0,2,1
TEST_0260,3,2,1,0
TEST_0261,2,3,1,0
TEST_0262,1,0,2,3
TEST_0263,3,2,0,1
TEST_0264,2,1,3,0
TEST_0265,2,1,0,3
TEST_0266,0,2,1,3
TEST_0267,0,3,1,2
TEST_0268,1,0,2,3
TEST_0269,3,2,0,1
TEST_0270,0,1,2,3
TEST_0271,0,1,3,2
TEST_0272,0,3,2,1
TEST_0273,2,0,3,1
TEST_0274,3,0,1,2
TEST_0275,0,3,2,1
TEST_0276,0,2,1,3
TEST_0277,1,0,2,3
TEST_0278,0,1,3,2
TEST_0279,2,3,1,0
TEST_0280,2,3,1,0
TEST_0281,1,2,3,0
TEST_0282,2,1,3,0
TEST_0283,2,3,1,0
TEST_0284,1,0,2,3
TEST_0285,2,0,3,1
TEST_0286,2,1,3,0
TEST_0287,3,2,1,0
TEST_0288,1,2,0,3
TEST_0289,0,1,2,3
TEST_0290,3,2,0,1
TEST_0291,0,3,2,1
TEST_0292,0,3,1,2
TEST_0293,3,0,1,2
TEST_0294,3,2,0,1
TEST_0295,1,2,3,0
TEST_0296,3,2,1,0
TEST_0297,0,2,1,3
TEST_0298,2,3,1,0
TEST_0299,3,2,1,0
TEST_0300,0,3,2,1
TEST_0301,3,0,1,2
TEST_0302,3,0,1,2
TEST_0303,2,3,1,0
TEST_0304,3,2,0,1
TEST_0305,0,3,1,2
TEST_0306,3,1,2,0
TEST_0307,0,1,2,3
TEST_0308,0,3,2,1
TEST_0309,0,3,2,1
TEST_0310,1,0,2,3
TEST_0311,3,2,0,1
TEST_0312,2,3,1,0
TEST_0313,0,3,1,2
TEST_0314,3,0,2,1
TEST_0315,0,2,3,1
TEST_0316,2,3,1,0
TEST_0317,0,2,1,3
TEST_0318,3,2,0,1
TEST_0319,3,1,2,0
TEST_0320,0,2,1,3
TEST_0321,0,2,3,1
TEST_0322,3,0,1,2
TEST_0323,2,3,1,0
TEST_0324,0,3,1,2
TEST_0325,3,2,0,1
TEST_0326,1,3,2,0
TEST_0327,2,3,1,0
TEST_0328,1,0,2,3
TEST_0329,1,0,2,3
TEST_0330,0,2,1,3
TEST_0331,1,0,2,3
TEST_0332,1,0,2,3
TEST_0333,0,3,1,2
TEST_0334,1,0,2,3
TEST_0335,3,0,1,2
TEST_0336,2,0,1,3
TEST_0337,1,2,0,3
TEST_0338,2,1,3,0
TEST_0339,1,0,2,3
TEST_0340,1,2,0,3
TEST_0341,1,0,2,3
TEST_0342,2,1,0,3
TEST_0343,0,3,1,2
TEST_0344,2,1,3,0
TEST_0345,0,3,1,2
TEST_0346,3,2,1,0
TEST_0347,1,0,2,3
TEST_0348,0,1,3,2
TEST_0349,2,3,1,0
TEST_0350,3,0,1,2
TEST_0351,2,1,0,3
TEST_0352,0,2,1,3
TEST_0353,3,2,0,1
TEST_0354,3,1,2,0
TEST_0355,2,0,3,1
TEST_0356,3,2,1,0
TEST_0357,0,3,2,1
TEST_0358,3,2,0,1
TEST_0359,0,1,2,3
TEST_0360,1,0,2,3
TEST_0361,2,1,3,0
TEST_0362,2,1,3,0
TEST_0363,2,1,0,3
TEST_0364,2,1,3,0
TEST_0365,0,2,1,3
TEST_0366,3,0,1,2
TEST_0367,3,2,1,0
TEST_0368,2,1,0,3
TEST_0369,3,1,0,2
TEST_0370,3,2,1,0
TEST_0371,2,1,3,0
TEST_0372,0,2,1,3
TEST_0373,1,3,2,0
TEST_0374,2,1,0,3
TEST_0375,3,2,0,1
TEST_0376,3,0,1,2
TEST_0377,3,0,2,1
TEST_0378,3,0,1,2
TEST_0379,2,1,0,3
TEST_0380,2,3,1,0
TEST_0381,2,0,1,3
TEST_0382,3,2,0,1
TEST_0383,0,1,3,2
TEST_0384,3,0,2,1
TEST_0385,3,2,1,0
TEST_0386,1,0,2,3
TEST_0387,3,2,1,0
TEST_0388,2,1,0,3
TEST_0389,3,1,0,2
TEST_0390,3,2,0,1
TEST_0391,2,1,0,3
TEST_0392,3,1,2,0
TEST_0393,0,3,1,2
TEST_0394,2,1,3,0
TEST_0395,0,2,1,3
TEST_0396,3,2,1,0
TEST_0397,0,1,2,3
TEST_0398,3,1,2,0
TEST_0399,0,1,2,3
TEST_0400,2,3,1,0
TEST_0401,2,1,3,0
TEST_0402,3,1,2,0
TEST_0403,2,0,1,3
TEST_0404,0,3,1,2
TEST_0405,3,0,1,2
TEST_0406,2,3,1,0
TEST_0407,2,3,1,0
TEST_0408,3,0,1,2
TEST_0409,0,2,1,3
TEST_0410,1,3,2,0
TEST_0411,1,0,2,3
TEST_0412,3,2,1,0
TEST_0413,0,1,3,2
TEST_0414,0,1,2,3
TEST_0415,3,2,1,0
TEST_0416,3,1,2,0
TEST_0417,3,2,1,0
TEST_0418,3,1,2,0
TEST_0419,3,2,0,1
TEST_0420,2,1,0,3
TEST_0421,3,2,0,1
TEST_0422,2,1,3,0
TEST_0423,3,0,1,2
TEST_0424,3,1,2,0
TEST_0425,0,1,2,3
TEST_0426,2,1,0,3
TEST_0427,1,2,0,3
TEST_0428,2,1,3,0
TEST_0429,3,2,1,0
TEST_0430,1,0,2,3
TEST_0431,0,1,2,3
TEST_0432,2,1,3,0
TEST_0433,2,3,1,0
TEST_0434,0,1,3,2
TEST_0435,3,0,2,1
TEST_0436,2,1,3,0
TEST_0437,3,1,2,0
TEST_0438,3,2,1,0
TEST_0439,0,3,2,1
TEST_0440,1,0,2,3
TEST_0441,0,1,2,3
TEST_0442,2,1,3,0
TEST_0443,3,2,0,1
TEST_0444,0,1,2,3
TEST_0445,3,0,1,2
TEST_0446,3,0,1,2
TEST_0447,1,2,3,0
TEST_0448,0,1,2,3
TEST_0449,2,1,3,0
TEST_0450,1,3,0,2
TEST_0451,2,1,3,0
TEST_0452,0,3,1,2
TEST_0453,1,2,3,0
TEST_0454,0,1,3,2
TEST_0455,3,2,1,0
TEST_0456,0,1,3,2
TEST_0457,0,3,2,1
TEST_0458,1,0,2,3
TEST_0459,0,3,1,2
TEST_0460,3,2,0,1
TEST_0461,1,0,2,3
TEST_0462,3,2,1,0
TEST_0463,0,2,3,1
TEST_0464,2,3,1,0
TEST_0465,3,2,0,1
TEST_0466,0,1,2,3
TEST_0467,0,2,1,3
TEST_0468,3,0,1,2
TEST_0469,3,0,1,2
TEST_0470,3,0,1,2
TEST_0471,1,2,3,0
TEST_0472,2,1,3,0
TEST_0473,3,2,0,1
TEST_0474,1,0,2,3
TEST_0475,3,1,0,2
TEST_0476,3,0,2,1
TEST_0477,1,0,2,3
TEST_0478,2,1,0,3
TEST_0479,3,1,2,0
TEST_0480,3,0,1,2
TEST_0481,0,1,3,2
TEST_0482,3,1,2,0
TEST_0483,1,0,2,3
TEST_0484,3,0,2,1
TEST_0485,3,0,2,1
TEST_0486,3,2,1,0
TEST_0487,3,2,1,0
TEST_0488,3,2,1,0
TEST_0489,1,0,2,3
TEST_0490,3,0,1,2
TEST_0491,2,1,0,3
TEST_0492,1,3,2,0
TEST_0493,2,1,0,3
TEST_0494,0,3,1,2
TEST_0495,0,2,1,3
TEST_0496,3,2,0,1
TEST_0497,1,0,2,3
TEST_0498,3,0,1,2
TEST_0499,0,1,3,2
TEST_0500,0,2,1,3
TEST_0501,3,2,1,0
TEST_0502,3,1,2,0
TEST_0503,0,2,1,3
TEST_0504,1,0,2,3
TEST_0505,3,0,2,1
TEST_0506,1,0,2,3
TEST_0507,2,1,3,0
TEST_0508,1,2,0,3
TEST_0509,3,1,0,2
TEST_0510,1,2,0,3
TEST_0511,0,3,2,1
TEST_0512,3,2,0,1
TEST_0513,1,0,2,3
TEST_0514,0,2,3,1
TEST_0515,3,0,2,1
TEST_0516,0,3,2,1
TEST_0517,3,1,2,0
TEST_0518,2,0,3,1
TEST_0519,3,0,2,1
TEST_0520,3,2,0,1
TEST_0521,2,1,3,0
TEST_0522,3,1,2,0
TEST_0523,3,2,0,1
TEST_0524,0,1,2,3
TEST_0525,0,3,1,2
TEST_0526,0,2,1,3
TEST_0527,3,2,0,1
TEST_0528,3,1,2,0
TEST_0529,2,3,0,1
TEST_0530,0,3,2,1
TEST_0531,3,0,2,1
TEST_0532,3,2,1,0
TEST_0533,2,1,0,3
TEST_0534,2,1,3,0
TEST_0535,1,2,0,3
TEST_0536,0,2,3,1
TEST_0537,0,2,1,3
TEST_0538,0,1,3,2
TEST_0539,0,1,3,2
TEST_0540,2,1,0,3
TEST_0541,3,2,0,1
TEST_0542,0,2,1,3
TEST_0543,0,2,3,1
TEST_0544,1,0,2,3
TEST_0545,1,2,3,0
TEST_0546,3,0,2,1
TEST_0547,1,0,2,3
TEST_0548,3,2,0,1
TEST_0549,1,0,2,3
TEST_0550,1,0,2,3
TEST_0551,0,1,2,3
TEST_0552,1,0,2,3
TEST_0553,3,1,2,0
TEST_0554,3,2,1,0
TEST_0555,2,3,1,0
TEST_0556,1,2,0,3
TEST_0557,3,2,0,1
TEST_0558,3,1,2,0
TEST_0559,3,0,1,2
TEST_0560,0,3,1,2
TEST_0561,3,2,0,1
TEST_0562,3,1,0,2
TEST_0563,3,1,2,0
TEST_0564,3,1,2,0
TEST_0565,0,3,2,1
TEST_0566,2,0,3,1
TEST_0567,0,2,1,3
TEST_0568,3,2,0,1
TEST_0569,2,1,0,3
TEST_0570,3,1,2,0
TEST_0571,2,1,3,0
TEST_0572,3,1,2,0
TEST_0573,2,0,1,3
TEST_0574,2,1,0,3
TEST_0575,0,3,1,2
TEST_0576,3,0,1,2
TEST_0577,0,2,1,3
TEST_0578,3,0,2,1
TEST_0579,3,2,0,1
TEST_0580,2,1,3,0
TEST_0581,3,1,2,0
TEST_0582,2,0,3,1
TEST_0583,0,3,1,2
TEST_0584,3,1,2,0
TEST_0585,3,0,2,1
TEST_0586,0,1,2,3
TEST_0587,2,1,3,0
TEST_0588,2,3,0,1
TEST_0589,1,0,3,2
TEST_0590,0,3,1,2
TEST_0591,3,0,1,2
TEST_0592,2,0,3,1
TEST_0593,2,1,3,0
TEST_0594,3,0,1,2
TEST_0595,3,0,1,2
TEST_0596,0,1,2,3
TEST_0597,3,0,2,1
TEST_0598,3,1,2,0
TEST_0599,2,1,3,0
TEST_0600,2,3,1,0
TEST_0601,3,2,0,1
TEST_0602,1,2,0,3
TEST_0603,0,3,1,2
TEST_0604,3,1,2,0
TEST_0605,3,0,1,2
TEST_0606,3,0,1,2
TEST_0607,3,2,1,0
TEST_0608,0,1,3,2
TEST_0609,0,1,3,2
TEST_0610,2,1,3,0
TEST_0611,3,0,2,1
TEST_0612,3,0,1,2
TEST_0613,1,2,3,0
TEST_0614,1,2,3,0
TEST_0615,0,3,2,1
TEST_0616,1,0,2,3
TEST_0617,3,1,2,0
TEST_0618,1,0,2,3
TEST_0619,1,0,2,3
TEST_0620,3,2,0,1
TEST_0621,3,0,1,2
TEST_0622,3,2,1,0
TEST_0623,0,3,1,2
TEST_0624,1,0,2,3
TEST_0625,3,2,1,0
TEST_0626,2,1,0,3
TEST_0627,2,1,3,0
TEST_0628,2,0,1,3
TEST_0629,3,2,0,1
TEST_0630,1,0,2,3
TEST_0631,1,0,2,3
TEST_0632,3,1,2,0
TEST_0633,0,3,1,2
TEST_0634,3,2,0,1
TEST_0635,2,1,0,3
TEST_0636,3,0,1,2
TEST_0637,1,2,0,3
TEST_0638,3,1,2,0
TEST_0639,1,0,2,3
TEST_0640,3,2,1,0
TEST_0641,2,3,1,0
TEST_0642,0,3,2,1
TEST_0643,0,1,2,3
TEST_0644,2,1,3,0
TEST_0645,2,1,0,3
TEST_0646,2,1,0,3
TEST_0647,2,1,3,0
TEST_0648,2,3,1,0
TEST_0649,0,1,3,2
TEST_0650,1,2,3,0
TEST_0651,3,2,1,0
TEST_0652,3,1,2,0
TEST_0653,3,0,1,2
TEST_0654,2,0,1,3
TEST_0655,3,2,1,0
TEST_0656,2,3,1,0
TEST_0657,0,3,1,2
TEST_0658,3,0,1,2
TEST_0659,2,0,1,3
TEST_0660,3,2,0,1
TEST_0661,3,2,0,1
TEST_0662,0,2,1,3
TEST_0663,3,2,0,1
TEST_0664,2,1,3,0
TEST_0665,3,2,0,1
TEST_0666,0,2,1,3
TEST_0667,3,1,2,0
TEST_0668,1,2,0,3
TEST_0669,1,0,2,3
TEST_0670,3,1,2,0
TEST_0671,1,2,3,0
TEST_0672,1,0,2,3
TEST_0673,3,2,0,1
TEST_0674,1,2,3,0
TEST_0675,0,1,2,3
TEST_0676,3,2,1,0
TEST_0677,3,2,1,0
TEST_0678,0,3,1,2
TEST_0679,2,1,3,0
TEST_0680,3,1,0,2
TEST_0681,3,0,2,1
TEST_0682,0,3,1,2
TEST_0683,3,0,2,1
TEST_0684,3,2,0,1
TEST_0685,2,3,1,0
TEST_0686,2,3,1,0
TEST_0687,2,1,0,3
TEST_0688,1,0,2,3
TEST_0689,1,0,2,3
TEST_0690,3,0,1,2
TEST_0691,3,0,2,1
TEST_0692,3,2,0,1
TEST_0693,3,0,1,2
TEST_0694,0,3,1,2
TEST_0695,0,3,1,2
TEST_0696,3,2,0,1
TEST_0697,2,1,3,0
TEST_0698,0,2,3,1
TEST_0699,1,0,2,3
TEST_0700,2,1,0,3
TEST_0701,0,2,3,1
TEST_0702,2,1,3,0
TEST_0703,1,2,0,3
TEST_0704,3,1,2,0
TEST_0705,0,2,1,3
TEST_0706,0,3,2,1
TEST_0707,3,0,1,2
TEST_0708,1,2,3,0
TEST_0709,2,1,0,3
TEST_0710,0,1,3,2
TEST_0711,1,0,2,3
TEST_0712,3,1,2,0
TEST_0713,1,3,0,2
TEST_0714,3,0,1,2
TEST_0715,3,1,2,0
TEST_0716,2,1,3,0
TEST_0717,1,0,2,3
TEST_0718,2,3,1,0
TEST_0719,1,2,3,0
TEST_0720,2,1,3,0
TEST_0721,0,1,2,3
TEST_0722,3,0,2,1
TEST_0723,1,0,2,3
TEST_0724,3,0,2,1
TEST_0725,2,1,3,0
TEST_0726,3,2,0,1
TEST_0727,0,2,3,1
TEST_0728,0,1,3,2
TEST_0729,1,2,3,0
TEST_0730,1,0,2,3
TEST_0731,3,0,2,1
TEST_0732,0,1,2,3
TEST_0733,0,3,2,1
TEST_0734,3,1,2,0
TEST_0735,3,0,2,1
TEST_0736,2,3,1,0
TEST_0737,1,3,0,2
TEST_0738,3,2,1,0
TEST_0739,0,3,1,2
TEST_0740,0,3,2,1
TEST_0741,0,1,2,3
TEST_0742,0,1,3,2
TEST_0743,3,0,1,2
TEST_0744,3,2,1,0
TEST_0745,2,1,3,0
TEST_0746,3,2,1,0
TEST_0747,0,1,3,2
TEST_0748,0,2,1,3
TEST_0749,1,0,2,3
TEST_0750,3,0,2,1
TEST_0751,2,0,1,3
TEST_0752,0,1,2,3
TEST_0753,3,2,1,0
TEST_0754,0,1,2,3
TEST_0755,2,1,0,3
TEST_0756,3,1,0,2
TEST_0757,3,0,1,2
TEST_0758,0,2,1,3
TEST_0759,0,1,3,2
TEST_0760,1,0,2,3
TEST_0761,2,1,0,3
TEST_0762,2,1,3,0
TEST_0763,2,3,1,0
TEST_0764,1,2,3,0
TEST_0765,3,2,0,1
TEST_0766,0,3,2,1
TEST_0767,3,0,2,1
TEST_0768,3,0,2,1
TEST_0769,0,1,2,3
TEST_0770,3,2,1,0
TEST_0771,3,1,2,0
TEST_0772,2,1,3,0
TEST_0773,2,1,0,3
TEST_0774,2,3,1,0
TEST_0775,2,3,1,0
TEST_0776,0,3,2,1
TEST_0777,0,1,3,2
TEST_0778,3,2,0,1
TEST_0779,3,2,1,0
TEST_0780,0,3,2,1
TEST_0781,1,0,2,3
TEST_0782,3,2,0,1
TEST_0783,1,0,2,3
TEST_0784,3,1,0,2
TEST_0785,2,0,1,3
TEST_0786,3,0,1,2
TEST_0787,3,2,1,0
TEST_0788,1,2,3,0
TEST_0789,0,3,1,2
TEST_0790,3,2,0,1
TEST_0791,2,3,1,0
TEST_0792,3,2,0,1
TEST_0793,0,1,3,2
TEST_0794,0,3,2,1
TEST_0795,3,2,0,1
TEST_0796,1,2,3,0
TEST_0797,3,1,2,0
TEST_0798,3,2,0,1
TEST_0799,3,2,0,1
TEST_0800,0,2,1,3
TEST_0801,3,2,1,0
TEST_0802,3,2,1,0
TEST_0803,0,3,2,1
TEST_0804,3,1,2,0
TEST_0805,3,0,1,2
TEST_0806,3,2,1,0
TEST_0807,2,3,1,0
TEST_0808,2,1,3,0
TEST_0809,2,1,0,3
TEST_0810,1,0,2,3
TEST_0811,0,1,2,3
TEST_0812,2,1,0,3
TEST_0813,3,1,2,0
TEST_0814,1,2,3,0
TEST_0815,2,0,1,3
TEST_0816,3,1,2,0
TEST_0817,3,0,2,1
TEST_0818,2,3,1,0
TEST_0819,2,1,3,0
TEST_0820,3,0,1,2
TEST_0821,3,0,2,1
TEST_0822,3,2,0,1
TEST_0823,3,0,1,2
TEST_0824,1,0,2,3
TEST_0825,0,1,3,2
TEST_0826,3,0,1,2
TEST_0827,2,1,0,3
TEST_0828,3,2,1,0
TEST_0829,3,1,2,0
TEST_0830,2,1,3,0
TEST_0831,0,1,3,2
TEST_0832,3,2,0,1
TEST_0833,2,1,0,3
TEST_0834,0,2,3,1
TEST_0835,0,3,1,2
TEST_0836,2,0,3,1
TEST_0837,2,1,3,0
TEST_0838,3,1,2,0
TEST_0839,3,2,1,0
TEST_0840,3,1,2,0
TEST_0841,0,1,3,2
TEST_0842,3,2,1,0
TEST_0843,1,0,2,3
TEST_0844,2,0,1,3
TEST_0845,3,1,0,2
TEST_0846,0,3,1,2
TEST_0847,3,1,0,2
TEST_0848,0,3,1,2
TEST_0849,3,0,2,1
TEST_0850,3,2,1,0
TEST_0851,2,3,1,0
TEST_0852,3,2,0,1
TEST_0853,2,1,3,0
TEST_0854,2,1,3,0
TEST_0855,1,0,2,3
TEST_0856,1,3,2,0
TEST_0857,2,0,1,3
TEST_0858,3,0,1,2
TEST_0859,3,2,0,1
TEST_0860,0,3,1,2
TEST_0861,0,1,2,3
TEST_0862,3,1,2,0
TEST_0863,3,2,1,0
TEST_0864,3,1,2,0
TEST_0865,3,0,1,2
TEST_0866,0,3,1,2
TEST_0867,3,0,2,1
TEST_0868,3,0,1,2
TEST_0869,3,0,2,1
TEST_0870,3,2,0,1
TEST_0871,3,2,1,0
TEST_0872,3,1,2,0
TEST_0873,3,2,1,0
TEST_0874,3,2,0,1
TEST_0875,0,3,1,2
TEST_0876,2,1,3,0
TEST_0877,1,0,2,3
TEST_0878,0,3,1,2
TEST_0879,3,1,2,0
TEST_0880,1,0,2,3
TEST_0881,3,0,2,1
TEST_0882,2,0,1,3
TEST_0883,2,3,1,0
TEST_0884,1,2,0,3
TEST_0885,2,1,0,3
TEST_0886,0,3,2,1
TEST_0887,2,0,1,3
TEST_0888,1,2,3,0
TEST_0889,2,1,0,3
TEST_0890,0,2,1,3
TEST_0891,1,0,2,3
TEST_0892,3,2,1,0
TEST_0893,1,2,0,3
TEST_0894,3,1,2,0
TEST_0895,1,0,2,3
TEST_0896,3,0,1,2
TEST_0897,0,2,1,3
TEST_0898,3,1,2,0
TEST_0899,3,2,1,0
TEST_0900,2,3,1,0
TEST_0901,3,2,0,1
TEST_0902,2,0,3,1
TEST_0903,0,3,1,2
TEST_0904,3,2,1,0
TEST_0905,2,1,0,3
TEST_0906,2,1,0,3
TEST_0907,3,1,0,2
TEST_0908,2,1,3,0
TEST_0909,2,1,3,0
TEST_0910,0,3,1,2
TEST_0911,0,1,2,3
TEST_0912,0,1,3,2
TEST_0913,0,3,1,2
TEST_0914,0,1,3,2
TEST_0915,3,2,0,1
TEST_0916,1,2,0,3
TEST_0917,3,2,1,0
TEST_0918,3,0,1,2
TEST_0919,3,2,1,0
TEST_0920,0,2,1,3
TEST_0921,0,2,1,3
TEST_0922,3,2,0,1
TEST_0923,3,2,0,1
TEST_0924,1,0,2,3
TEST_0925,0,1,2,3
TEST_0926,1,2,0,3
TEST_0927,3,2,1,0
TEST_0928,3,0,1,2
TEST_0929,2,3,1,0
TEST_0930,2,0,3,1
TEST_0931,2,0,3,1
TEST_0932,0,3,2,1
TEST_0933,3,1,2,0
TEST_0934,0,2,1,3
TEST_0935,2,1,3,0
TEST_0936,0,3,2,1
TEST_0937,0,3,2,1
TEST_0938,1,0,2,3
TEST_0939,3,0,1,2
TEST_0940,1,0,2,3
TEST_0941,3,0,1,2
TEST_0942,2,1,3,0
TEST_0943,0,3,2,1
TEST_0944,1,2,3,0
TEST_0945,3,0,1,2
TEST_0946,0,2,1,3
TEST_0947,0,3,1,2
TEST_0948,0,3,2,1
TEST_0949,2,1,3,0
TEST_0950,1,0,3,2
TEST_0951,3,1,0,2
TEST_0952,0,2,3,1
TEST_0953,3,2,1,0
TEST_0954,3,2,0,1
TEST_0955,3,0,2,1
TEST_0956,2,3,1,0
TEST_0957,3,0,1,2
TEST_0958,1,0,2,3
TEST_0959,0,1,2,3
TEST_0960,0,1,3,2
TEST_0961,3,1,2,0
TEST_0962,1,0,2,3
TEST_0963,2,1,3,0
TEST_0964,0,2,1,3
TEST_0965,3,0,1,2
TEST_0966,3,0,2,1
TEST_0967,0,3,1,2
TEST_0968,3,0,1,2
TEST_0969,2,1,3,0
TEST_0970,1,0,2,3
TEST_0971,1,2,3,0
TEST_0972,2,3,1,0
TEST_0973,3,2,0,1
TEST_0974,0,2,1,3
TEST_0975,1,2,3,0
TEST_0976,3,0,1,2
TEST_0977,2,3,1,0
TEST_0978,1,2,3,0
TEST_0979,2,1,0,3
TEST_0980,1,2,0,3
TEST_0981,0,2,3,1
TEST_0982,0,1,2,3
TEST_0983,2,3,0,1
TEST_0984,2,0,3,1
TEST_0985,0,3,2,1
TEST_0986,2,3,0,1
TEST_0987,3,1,0,2
TEST_0988,3,0,2,1
TEST_0989,3,2,1,0
TEST_0990,2,1,3,0
TEST_0991,2,1,0,3
TEST_0992,3,0,2,1
TEST_0993,1,2,3,0
TEST_0994,2,1,0,3
TEST_0995,3,0,1,2
TEST_0996,0,3,2,1
TEST_0997,3,1,2,0
TEST_0998,3,0,2,1
TEST_0999,2,1,0,3
TEST_1000,3,1,2,0
TEST_1001,2,1,3,0
TEST_1002,3,2,0,1
TEST_1003,2,0,3,1
TEST_1004,3,0,1,2
TEST_1005,3,0,2,1
TEST_1006,1,0,2,3
TEST_1007,3,0,2,1
TEST_1008,0,3,1,2
TEST_1009,3,0,1,2
TEST_1010,0,2,1,3
TEST_1011,3,2,1,0
TEST_1012,0,3,1,2
TEST_1013,0,1,3,2
TEST_1014,2,0,1,3
TEST_1015,2,1,3,0
TEST_1016,2,1,3,0
TEST_1017,0,2,1,3
TEST_1018,2,3,1,0
TEST_1019,1,2,3,0
TEST_1020,3,1,2,0
TEST_1021,0,3,1,2
TEST_1022,2,0,1,3
TEST_1023,2,1,3,0
TEST_1024,1,2,0,3
TEST_1025,2,1,3,0
TEST_1026,3,1,0,2
TEST_1027,0,3,1,2
TEST_1028,2,3,0,1
TEST_1029,3,1,2,0
TEST_1030,1,2,3,0
TEST_1031,0,1,2,3
TEST_1032,0,3,2,1
TEST_1033,3,1,0,2
TEST_1034,3,0,2,1
TEST_1035,0,1,3,2
TEST_1036,3,2,1,0
TEST_1037,1,2,0,3
TEST_1038,2,1,3,0
TEST_1039,3,1,2,0
TEST_1040,1,0,2,3
TEST_1041,1,2,3,0
TEST_1042,2,0,1,3
TEST_1043,2,3,1,0
TEST_1044,2,1,0,3
TEST_1045,1,0,2,3
TEST_1046,0,3,1,2
TEST_1047,0,2,1,3
TEST_1048,3,0,1,2
TEST_1049,3,2,0,1
TEST_1050,3,0,2,1
TEST_1051,1,0,2,3
TEST_1052,3,0,1,2
TEST_1053,3,0,2,1
TEST_1054,3,0,2,1
TEST_1055,0,3,2,1
TEST_1056,0,2,1,3
TEST_1057,2,1,3,0
TEST_1058,3,2,0,1
TEST_1059,3,2,0,1
TEST_1060,3,0,2,1
TEST_1061,3,0,1,2
TEST_1062,3,2,1,0
TEST_1063,3,0,2,1
TEST_1064,2,1,3,0
TEST_1065,2,1,3,0
TEST_1066,0,1,2,3
TEST_1067,2,3,1,0
TEST_1068,2,0,1,3
TEST_1069,0,3,2,1
TEST_1070,3,1,0,2
TEST_1071,0,3,1,2
TEST_1072,1,2,0,3
TEST_1073,2,0,1,3
TEST_1074,0,1,3,2
TEST_1075,1,0,2,3
TEST_1076,1,2,3,0
TEST_1077,2,1,0,3
TEST_1078,0,2,3,1
TEST_1079,1,3,2,0
TEST_1080,1,3,2,0
TEST_1081,2,1,0,3
TEST_1082,3,0,1,2
TEST_1083,3,2,1,0
TEST_1084,2,3,1,0
TEST_1085,2,3,1,0
TEST_1086,0,2,3,1
TEST_1087,3,0,1,2
TEST_1088,0,1,2,3
TEST_1089,0,3,2,1
TEST_1090,3,0,1,2
TEST_1091,3,2,1,0
TEST_1092,2,1,0,3
TEST_1093,0,3,2,1
TEST_1094,2,1,3,0
TEST_1095,3,1,2,0
TEST_1096,3,2,0,1
TEST_1097,0,1,3,2
TEST_1098,1,3,2,0
TEST_1099,2,1,3,0
TEST_1100,0,2,1,3
TEST_1101,0,3,2,1
TEST_1102,1,0,2,3
TEST_1103,3,0,1,2
TEST_1104,3,2,0,1
TEST_1105,2,1,0,3
TEST_1106,2,1,3,0
TEST_1107,1,0,2,3
TEST_1108,0,1,2,3
TEST_1109,0,3,2,1
TEST_1110,2,3,1,0
TEST_1111,0,2,1,3
TEST_1112,3,2,1,0
TEST_1113,3,1,2,0
TEST_1114,3,1,2,0
TEST_1115,0,2,3,1
TEST_1116,3,2,0,1
TEST_1117,2,1,0,3
TEST_1118,2,1,0,3
TEST_1119,1,2,3,0
TEST_1120,3,1,0,2
TEST_1121,3,0,2,1
TEST_1122,2,3,1,0
TEST_1123,0,1,2,3
TEST_1124,3,2,0,1
TEST_1125,3,1,2,0
TEST_1126,3,0,1,2
TEST_1127,3,2,1,0
TEST_1128,0,2,1,3
TEST_1129,3,0,2,1
TEST_1130,2,0,1,3
TEST_1131,3,0,2,1
TEST_1132,2,3,1,0
TEST_1133,0,2,1,3
TEST_1134,0,2,3,1
TEST_1135,2,3,1,0
TEST_1136,3,2,1,0
TEST_1137,0,1,2,3
TEST_1138,2,1,3,0
TEST_1139,3,2,1,0
TEST_1140,0,3,2,1
TEST_1141,2,0,3,1
TEST_1142,3,1,2,0
TEST_1143,2,3,0,1
TEST_1144,3,0,1,2
TEST_1145,3,2,0,1
TEST_1146,2,3,1,0
TEST_1147,0,1,2,3
TEST_1148,3,1,0,2
TEST_1149,3,0,2,1
TEST_1150,2,1,3,0
TEST_1151,1,2,3,0
TEST_1152,0,3,1,2
TEST_1153,0,1,2,3
TEST_1154,0,3,1,2
TEST_1155,1,0,2,3
TEST_1156,2,1,0,3
TEST_1157,3,1,2,0
TEST_1158,1,0,2,3
TEST_1159,2,3,1,0
TEST_1160,0,3,2,1
TEST_1161,3,0,2,1
TEST_1162,3,0,2,1
TEST_1163,0,1,3,2
TEST_1164,3,1,2,0
TEST_1165,0,1,3,2
TEST_1166,3,1,2,0
TEST_1167,2,1,3,0
TEST_1168,2,1,3,0
TEST_1169,2,3,1,0
TEST_1170,3,1,2,0
TEST_1171,0,1,2,3
TEST_1172,3,0,1,2
TEST_1173,0,1,2,3
TEST_1174,3,2,0,1
TEST_1175,2,1,0,3
TEST_1176,0,2,3,1
TEST_1177,3,0,1,2
TEST_1178,2,0,3,1
TEST_1179,3,0,1,2
TEST_1180,3,1,2,0
TEST_1181,0,3,2,1
TEST_1182,3,2,1,0
TEST_1183,1,0,2,3
TEST_1184,2,1,0,3
TEST_1185,0,3,1,2
TEST_1186,3,0,2,1
TEST_1187,0,1,3,2
TEST_1188,2,1,0,3
TEST_1189,3,0,2,1
TEST_1190,3,2,1,0
TEST_1191,1,2,3,0
TEST_1192,2,1,3,0
TEST_1193,1,0,2,3
TEST_1194,0,3,2,1
TEST_1195,1,0,2,3
TEST_1196,2,0,1,3
TEST_1197,3,0,1,2
TEST_1198,3,0,2,1
TEST_1199,3,0,2,1
TEST_1200,3,2,1,0
TEST_1201,3,1,2,0
TEST_1202,2,1,0,3
TEST_1203,2,1,0,3
TEST_1204,3,2,0,1
TEST_1205,3,0,1,2
TEST_1206,0,3,1,2
TEST_1207,2,0,1,3
TEST_1208,3,2,1,0
TEST_1209,0,3,2,1
TEST_1210,3,0,1,2
TEST_1211,3,1,0,2
TEST_1212,0,1,2,3
TEST_1213,2,0,1,3
TEST_1214,0,1,3,2
TEST_1215,3,2,0,1
TEST_1216,3,0,2,1
TEST_1217,3,0,2,1
TEST_1218,3,1,2,0
TEST_1219,2,1,3,0
TEST_1220,3,2,0,1
TEST_1221,3,0,2,1
TEST_1222,2,1,3,0
TEST_1223,0,1,2,3
TEST_1224,0,3,2,1
TEST_1225,3,2,1,0
TEST_1226,0,3,2,1
TEST_1227,2,1,0,3
TEST_1228,3,1,2,0
TEST_1229,3,1,0,2
TEST_1230,3,2,1,0
TEST_1231,3,2,1,0
TEST_1232,1,0,2,3
TEST_1233,2,3,1,0
TEST_1234,0,3,2,1
TEST_1235,2,3,1,0
TEST_1236,0,3,1,2
TEST_1237,0,2,3,1
TEST_1238,3,0,1,2
TEST_1239,3,0,1,2
TEST_1240,0,1,2,3
TEST_1241,3,0,1,2
TEST_1242,0,2,1,3
TEST_1243,0,2,1,3
TEST_1244,3,1,0,2
TEST_1245,0,2,1,3
TEST_1246,3,1,2,0
TEST_1247,0,3,1,2
TEST_1248,3,1,2,0
TEST_1249,3,2,0,1
TEST_1250,1,2,3,0
TEST_1251,3,1,2,0
TEST_1252,1,0,2,3
TEST_1253,3,1,2,0
TEST_1254,3,0,1,2
TEST_1255,3,0,2,1
TEST_1256,3,1,0,2
TEST_1257,3,0,2,1
TEST_1258,2,1,0,3
TEST_1259,3,2,0,1
TEST_1260,2,0,1,3
TEST_1261,3,0,2,1
TEST_1262,0,3,2,1
TEST_1263,1,0,2,3
TEST_1264,3,0,2,1
TEST_1265,2,1,0,3
TEST_1266,1,0,2,3
TEST_1267,0,3,1,2
TEST_1268,1,2,0,3
TEST_1269,0,1,2,3
TEST_1270,3,1,2,0
TEST_1271,0,1,2,3
TEST_1272,0,3,1,2
TEST_1273,2,0,1,3
TEST_1274,2,0,1,3
TEST_1275,2,1,3,0
TEST_1276,0,1,3,2
TEST_1277,3,2,0,1
TEST_1278,0,2,1,3
TEST_1279,1,2,3,0
TEST_1280,1,0,2,3
TEST_1281,1,0,2,3
TEST_1282,2,1,0,3
TEST_1283,2,1,3,0
TEST_1284,3,0,1,2
TEST_1285,3,0,2,1
TEST_1286,3,0,1,2
TEST_1287,0,3,1,2
TEST_1288,0,2,3,1
TEST_1289,2,1,3,0
TEST_1290,0,3,2,1
TEST_1291,2,0,3,1
TEST_1292,3,1,0,2
TEST_1293,3,1,2,0
TEST_1294,1,0,2,3
TEST_1295,0,1,2,3
TEST_1296,2,3,1,0
TEST_1297,3,0,2,1
TEST_1298,2,1,3,0
TEST_1299,2,3,1,0
TEST_1300,1,2,3,0
TEST_1301,2,1,3,0
TEST_1302,2,1,3,0
TEST_1303,3,2,1,0
TEST_1304,0,3,2,1
TEST_1305,3,1,0,2
TEST_1306,3,2,1,0
TEST_1307,0,2,1,3
TEST_1308,0,3,2,1
TEST_1309,3,2,1,0
TEST_1310,3,2,0,1
TEST_1311,0,3,2,1
TEST_1312,3,2,1,0
TEST_1313,3,1,0,2
TEST_1314,3,0,2,1
TEST_1315,2,3,1,0
TEST_1316,0,2,1,3
TEST_1317,0,2,1,3
TEST_1318,3,2,0,1
TEST_1319,3,0,2,1
TEST_1320,3,2,1,0
TEST_1321,0,3,1,2
TEST_1322,2,0,1,3
TEST_1323,3,2,0,1
TEST_1324,3,1,0,2
TEST_1325,0,2,1,3
TEST_1326,0,2,3,1
TEST_1327,2,1,3,0
TEST_1328,1,2,3,0
TEST_1329,3,2,1,0
TEST_1330,2,1,3,0
TEST_1331,3,0,1,2
TEST_1332,3,0,2,1
TEST_1333,2,1,0,3
TEST_1334,0,2,1,3
TEST_1335,3,2,1,0
TEST_1336,0,1,2,3
TEST_1337,2,1,3,0
TEST_1338,3,0,2,1
TEST_1339,2,3,1,0
TEST_1340,0,1,2,3
TEST_1341,0,1,3,2
TEST_1342,2,3,1,0
TEST_1343,0,1,3,2
TEST_1344,0,2,3,1
TEST_1345,3,1,2,0
TEST_1346,2,1,0,3
TEST_1347,2,1,3,0
TEST_1348,0,1,2,3
TEST_1349,1,2,3,0
TEST_1350,2,0,3,1
TEST_1351,0,2,1,3
TEST_1352,3,2,0,1
TEST_1353,2,1,0,3
TEST_1354,1,0,2,3
TEST_1355,0,1,3,2
TEST_1356,0,3,1,2
TEST_1357,1,0,2,3
TEST_1358,2,1,3,0
TEST_1359,0,3,1,2
TEST_1360,0,3,2,1
TEST_1361,3,2,0,1
TEST_1362,0,2,1,3
TEST_1363,3,2,0,1
TEST_1364,0,1,2,3
TEST_1365,1,0,2,3
TEST_1366,1,2,3,0
TEST_1367,2,3,1,0
TEST_1368,1,0,2,3
TEST_1369,1,2,3,0
TEST_1370,3,0,1,2
TEST_1371,0,1,3,2
TEST_1372,0,1,3,2
TEST_1373,3,0,1,2
TEST_1374,3,1,2,0
TEST_1375,3,0,1,2
TEST_1376,1,0,2,3
TEST_1377,3,1,2,0
TEST_1378,3,0,2,1
TEST_1379,1,2,0,3
TEST_1380,1,2,0,3
TEST_1381,3,2,1,0
TEST_1382,3,2,0,1
TEST_1383,2,1,0,3
TEST_1384,3,2,0,1
TEST_1385,2,0,1,3
TEST_1386,3,2,0,1
TEST_1387,1,0,2,3
TEST_1388,2,1,3,0
TEST_1389,1,0,2,3
TEST_1390,1,3,2,0
TEST_1391,3,0,1,2
TEST_1392,3,1,2,0
TEST_1393,0,1,2,3
TEST_1394,0,3,2,1
TEST_1395,2,0,1,3
TEST_1396,3,0,1,2
TEST_1397,0,1,2,3
TEST_1398,3,0,1,2
TEST_1399,3,0,2,1
TEST_1400,0,3,1,2
TEST_1401,3,1,2,0
TEST_1402,0,1,3,2
TEST_1403,3,1,0,2
TEST_1404,3,0,1,2
TEST_1405,1,2,3,0
TEST_1406,3,2,0,1
TEST_1407,1,2,3,0
TEST_1408,3,1,0,2
TEST_1409,3,2,0,1
TEST_1410,3,2,0,1
TEST_1411,3,2,1,0
TEST_1412,0,3,1,2
TEST_1413,3,0,2,1
TEST_1414,0,3,1,2
TEST_1415,3,1,2,0
TEST_1416,3,2,0,1
TEST_1417,3,1,2,0
TEST_1418,2,1,0,3
TEST_1419,1,0,2,3
TEST_1420,1,0,2,3
TEST_1421,3,1,2,0
TEST_1422,2,1,3,0
TEST_1423,1,0,2,3
TEST_1424,3,1,0,2
TEST_1425,3,0,1,2
TEST_1426,3,0,2,1
TEST_1427,2,0,3,1
TEST_1428,3,2,0,1
TEST_1429,2,0,1,3
TEST_1430,1,2,3,0
TEST_1431,3,0,2,1
TEST_1432,3,0,1,2
TEST_1433,2,1,3,0
TEST_1434,0,3,1,2
TEST_1435,0,1,2,3
TEST_1436,3,1,2,0
TEST_1437,2,0,1,3
TEST_1438,0,2,3,1
TEST_1439,0,3,2,1
TEST_1440,2,3,1,0
TEST_1441,3,2,0,1
TEST_1442,3,2,1,0
TEST_1443,3,0,2,1
TEST_1444,1,2,3,0
TEST_1445,1,0,2,3
TEST_1446,1,0,2,3
TEST_1447,2,1,0,3
TEST_1448,3,2,0,1
TEST_1449,1,0,2,3
TEST_1450,3,0,2,1
TEST_1451,2,1,3,0
TEST_1452,3,2,0,1
TEST_1453,0,3,2,1
TEST_1454,2,1,0,3
TEST_1455,0,3,2,1
TEST_1456,3,0,2,1
TEST_1457,0,3,1,2
TEST_1458,2,1,3,0
TEST_1459,3,2,0,1
TEST_1460,0,3,2,1
TEST_1461,2,1,3,0
TEST_1462,0,1,3,2
TEST_1463,3,1,2,0
TEST_1464,2,3,1,0
TEST_1465,1,2,3,0
TEST_1466,3,1,2,0
TEST_1467,0,3,2,1
TEST_1468,1,0,2,3
TEST_1469,1,0,2,3
TEST_1470,0,1,2,3
TEST_1471,1,0,2,3
TEST_1472,0,1,2,3
TEST_1473,3,2,0,1
TEST_1474,3,0,1,2
TEST_1475,3,0,1,2
TEST_1476,3,0,1,2
TEST_1477,3,0,1,2
TEST_1478,1,0,2,3
TEST_1479,2,1,3,0
TEST_1480,3,2,0,1
TEST_1481,0,1,2,3
TEST_1482,3,2,0,1
TEST_1483,2,0,3,1
TEST_1484,0,3,2,1
TEST_1485,0,3,1,2
TEST_1486,2,1,3,0
TEST_1487,0,1,3,2
TEST_1488,0,3,2,1
TEST_1489,2,1,0,3
TEST_1490,0,1,3,2
TEST_1491,0,1,3,2
TEST_1492,3,0,1,2
TEST_1493,2,1,3,0
TEST_1494,3,2,0,1
TEST_1495,3,0,2,1
TEST_1496,0,3,1,2
TEST_1497,0,2,3,1
TEST_1498,1,3,0,2
TEST_1499,0,1,3,2
TEST_1500,3,2,1,0
TEST_1501,2,0,3,1
TEST_1502,0,3,1,2
TEST_1503,3,2,0,1
TEST_1504,0,3,2,1
TEST_1505,0,1,3,2
TEST_1506,2,3,1,0
TEST_1507,3,2,0,1
TEST_1508,2,0,1,3
TEST_1509,0,2,1,3
TEST_1510,1,3,2,0
TEST_1511,3,0,1,2
TEST_1512,3,2,1,0
TEST_1513,1,0,2,3
TEST_1514,3,2,0,1
TEST_1515,3,1,2,0
TEST_1516,2,3,1,0
TEST_1517,0,2,3,1
TEST_1518,0,3,1,2
TEST_1519,2,3,1,0
TEST_1520,0,1,2,3
TEST_1521,3,0,1,2
TEST_1522,3,2,0,1
TEST_1523,1,2,3,0
TEST_1524,2,1,3,0
TEST_1525,0,1,3,2
TEST_1526,0,2,1,3
TEST_1527,3,1,2,0
TEST_1528,3,2,0,1
TEST_1529,0,2,3,1
TEST_1530,0,2,1,3
TEST_1531,3,2,1,0
TEST_1532,0,3,1,2
TEST_1533,0,1,3,2
TEST_1534,0,1,3,2
TEST_1535,2,1,3,0
TEST_1536,0,1,3,2
TEST_1537,3,2,0,1
TEST_1538,2,3,1,0
TEST_1539,2,3,1,0
TEST_1540,1,0,2,3
TEST_1541,1,2,0,3
TEST_1542,3,2,0,1
TEST_1543,3,2,0,1
TEST_1544,3,2,1,0
TEST_1545,3,2,1,0
TEST_1546,3,2,1,0
TEST_1547,3,0,2,1
TEST_1548,1,0,2,3
TEST_1549,3,0,2,1
TEST_1550,1,2,0,3
TEST_1551,3,2,0,1
TEST_1552,0,3,2,1
TEST_1553,2,1,0,3
TEST_1554,2,1,3,0
TEST_1555,3,1,2,0
TEST_1556,2,3,1,0
TEST_1557,3,0,1,2
TEST_1558,2,1,3,0
TEST_1559,0,1,2,3
TEST_1560,0,2,1,3
TEST_1561,3,0,1,2
TEST_1562,3,2,1,0
TEST_1563,3,2,1,0
TEST_1564,3,2,1,0
TEST_1565,1,2,0,3
TEST_1566,3,1,2,0
TEST_1567,0,2,1,3
TEST_1568,3,1,2,0
TEST_1569,0,3,1,2
TEST_1570,2,1,0,3
TEST_1571,0,3,1,2
TEST_1572,0,1,2,3
TEST_1573,3,1,2,0
TEST_1574,0,3,2,1
TEST_1575,3,1,2,0
TEST_1576,3,0,2,1
TEST_1577,2,1,3,0
TEST_1578,1,3,2,0
TEST_1579,2,1,3,0
TEST_1580,2,1,0,3
TEST_1581,2,1,0,3
TEST_1582,3,0,1,2
TEST_1583,3,0,2,1
TEST_1584,3,1,2,0
TEST_1585,3,2,1,0
TEST_1586,0,1,3,2
TEST_1587,3,0,1,2
TEST_1588,1,2,3,0
TEST_1589,3,1,2,0
TEST_1590,0,3,2,1
TEST_1591,2,0,1,3
TEST_1592,1,2,0,3
TEST_1593,1,0,2,3
TEST_1594,3,2,0,1
TEST_1595,3,0,2,1
TEST_1596,3,0,1,2
TEST_1597,3,0,2,1
TEST_1598,3,0,1,2
TEST_1599,3,1,2,0
TEST_1600,0,1,3,2
TEST_1601,1,0,2,3
TEST_1602,0,1,3,2
TEST_1603,3,0,1,2
TEST_1604,3,0,1,2
TEST_1605,3,2,0,1
TEST_1606,0,3,1,2
TEST_1607,2,3,1,0
TEST_1608,2,1,3,0
TEST_1609,3,1,2,0
TEST_1610,0,2,1,3
TEST_1611,2,0,1,3
TEST_1612,2,1,0,3
TEST_1613,3,1,2,0
TEST_1614,2,3,1,0
TEST_1615,3,0,1,2
TEST_1616,3,2,1,0
TEST_1617,3,0,1,2
TEST_1618,2,0,3,1
TEST_1619,2,1,0,3
TEST_1620,3,2,0,1
TEST_1621,3,0,2,1
TEST_1622,0,2,3,1
TEST_1623,3,0,1,2
TEST_1624,1,0,2,3
TEST_1625,3,2,0,1
TEST_1626,0,3,2,1
TEST_1627,1,2,3,0
TEST_1628,0,3,2,1
TEST_1629,2,1,3,0
TEST_1630,1,0,2,3
TEST_1631,3,2,0,1
TEST_1632,3,0,1,2
TEST_1633,0,2,1,3
TEST_1634,0,3,1,2
TEST_1635,3,1,2,0
TEST_1636,0,1,3,2
TEST_1637,2,1,0,3
TEST_1638,3,0,2,1
TEST_1639,3,2,1,0
TEST_1640,0,1,2,3
TEST_1641,3,1,2,0
TEST_1642,3,1,2,0
TEST_1643,3,2,0,1
TEST_1644,0,2,1,3
TEST_1645,0,3,1,2
TEST_1646,0,2,1,3
TEST_1647,1,0,2,3
TEST_1648,3,2,0,1
TEST_1649,3,2,1,0
TEST_1650,0,1,2,3
TEST_1651,3,1,2,0
TEST_1652,1,0,2,3
TEST_1653,3,0,1,2
TEST_1654,0,2,1,3
TEST_1655,3,2,0,1
TEST_1656,3,2,1,0
TEST_1657,2,1,0,3
TEST_1658,2,1,0,3
TEST_1659,0,3,1,2
TEST_1660,1,0,2,3
TEST_1661,0,3,1,2
TEST_1662,3,2,0,1
TEST_1663,3,2,0,1
TEST_1664,2,3,0,1
TEST_1665,2,0,3,1
TEST_1666,1,0,2,3
TEST_1667,3,0,1,2
TEST_1668,3,1,0,2
TEST_1669,2,1,3,0
TEST_1670,3,0,2,1
TEST_1671,0,2,1,3
TEST_1672,3,2,0,1
TEST_1673,3,1,0,2
TEST_1674,2,0,1,3
TEST_1675,3,2,1,0
TEST_1676,3,0,1,2
TEST_1677,3,2,1,0
TEST_1678,2,1,3,0
TEST_1679,2,3,1,0
TEST_1680,3,1,2,0
TEST_1681,0,3,1,2
TEST_1682,2,1,3,0
TEST_1683,3,2,0,1
TEST_1684,2,1,0,3
TEST_1685,3,2,0,1
TEST_1686,2,3,0,1
TEST_1687,3,0,2,1
TEST_1688,3,1,0,2
TEST_1689,2,1,3,0
TEST_1690,3,2,1,0
TEST_1691,3,2,0,1
TEST_1692,3,1,2,0
TEST_1693,3,2,1,0
TEST_1694,1,2,3,0
TEST_1695,3,0,2,1
TEST_1696,3,1,2,0
TEST_1697,2,0,1,3
TEST_1698,3,2,1,0
TEST_1699,1,2,0,3
TEST_1700,2,0,1,3
TEST_1701,1,0,2,3
TEST_1702,0,3,2,1
TEST_1703,2,1,3,0
TEST_1704,3,1,2,0
TEST_1705,3,1,2,0
TEST_1706,3,0,1,2
TEST_1707,3,0,2,1
TEST_1708,3,1,2,0
TEST_1709,2,1,3,0
TEST_1710,2,1,3,0
TEST_1711,1,2,0,3
TEST_1712,1,0,2,3
TEST_1713,0,2,1,3
TEST_1714,3,0,1,2
TEST_1715,1,2,0,3
TEST_1716,2,3,0,1
TEST_1717,3,1,2,0
TEST_1718,3,0,1,2
TEST_1719,0,2,1,3
TEST_1720,3,1,2,0
TEST_1721,2,1,3,0
TEST_1722,3,2,1,0
TEST_1723,0,1,3,2
TEST_1724,2,1,3,0
TEST_1725,0,3,1,2
TEST_1726,2,1,0,3
TEST_1727,3,2,1,0
TEST_1728,2,0,1,3
TEST_1729,3,0,2,1
TEST_1730,2,1,3,0
TEST_1731,3,2,0,1
TEST_1732,3,0,1,2
TEST_1733,2,1,3,0
TEST_1734,2,1,0,3
TEST_1735,0,1,3,2
TEST_1736,3,0,1,2
TEST_1737,1,0,2,3
TEST_1738,0,2,1,3
TEST_1739,0,3,2,1
TEST_1740,2,1,3,0
TEST_1741,3,1,2,0
TEST_1742,3,1,2,0
TEST_1743,2,0,3,1
TEST_1744,0,2,1,3
TEST_1745,3,0,2,1
TEST_1746,0,3,2,1
TEST_1747,3,1,2,0
TEST_1748,2,1,0,3
TEST_1749,0,1,3,2
TEST_1750,2,1,0,3
TEST_1751,3,1,2,0
TEST_1752,3,1,2,0
TEST_1753,2,0,3,1
TEST_1754,1,2,3,0
TEST_1755,2,1,3,0
TEST_1756,1,2,3,0
TEST_1757,3,1,2,0
TEST_1758,0,3,1,2
TEST_1759,2,0,1,3
TEST_1760,2,1,0,3
TEST_1761,0,1,2,3
TEST_1762,3,0,2,1
TEST_1763,0,3,2,1
TEST_1764,0,1,2,3
TEST_1765,2,1,0,3
TEST_1766,0,2,1,3
TEST_1767,0,2,1,3
TEST_1768,1,0,2,3
TEST_1769,1,2,3,0
TEST_1770,1,2,3,0
TEST_1771,2,1,3,0
TEST_1772,3,2,0,1
TEST_1773,3,0,2,1
TEST_1774,3,2,1,0
TEST_1775,3,0,1,2
TEST_1776,2,3,1,0
TEST_1777,2,1,3,0
TEST_1778,3,2,1,0
TEST_1779,3,0,2,1
